{
    "Player": {
        "ArmL Translation": [
            -10.0,
            -9.199999809265137,
            8.845999717712402
        ],
        "ArmR Translation": [
            -10.0,
            -4.400000095367432,
            -10.0
        ],
        "Head Translation": [
            -10.0,
            -4.800000190734863,
            -5.385000228881836
        ]
    }
}
